ID,transcription
Ses04F_script03_1_F005,O IT SANT SHIVERS UP MY SPINE
Ses04F_script03_1_F006,BEHAVED EXQUISITELY
Ses04F_script03_1_F007,CERTAINLY I SHALL PROBABLY DO A COURT CURTESY
Ses04F_script03_1_F009,IT'S TRUE THE WHOLE BUSINESS IS A VERY POOR JOKE
Ses04F_script03_1_F011,NO DON'T LAUGH AT ME I'M SERIO AS MUSTN'T BE
Ses04F_script03_1_F012,WHOSE THEY
Ses04F_script03_1_F014,OH HOW LONG WILL IT LAST THIS LUDICROUS OVERBEARING LOVE OF OURS
Ses04F_script03_1_F017,WHAT HAPPENS IF ONE OF US DIES DOES THE ONE THAT LIST STILL LAUGH YES
Ses04F_script03_1_F021,THANK YOU DEAR THE SAME APPLIES IT TO YOU EXCEPT THAT IF I CATCH YOU SO MUCH AS LOOKING AT ANOTHER WOMAN I'LL KILL YOU
Ses04F_script03_1_F022,WHICH PARTICULAR ONE
Ses04F_script03_1_F023,OH CHARLES THAT WAS HIS NAME CHARLES HE DID WRIGGLE SO BEAUTIFULLY OR
Ses04F_script03_1_F024,YES I KNOW YOU DID YOU THREW HIM OUT OF THE WINDOW INTO THE GRAND CANAL I DON'T THINK I'LL EVER FORGIVE YOU FOR THAT
Ses04F_script03_1_F026,IT BURNT MY COMB TOO AND ALL THE TOWELS IN THE BATH ROOM
Ses04F_script03_1_F028,THEN THE MANAGER CAME IN AND FOUND US ROLLING ABOUT ON THE FLOOR BITING AND SCRATCHING LIKE PANTHERS
Ses04F_script03_1_F029,E HOW RIDICULOUS HOW UTTERLY UTTERLY RIDICULOUS WITH YOU
Ses04F_script03_1_F030,AND VERY MUCH SILLIER
Ses04M_impro03_F002,I CAN'T OW DID YOU DO IT WHAT HAPPENED
Ses04M_impro03_F003,HAOF ALL YOU PAINT A ROMANTIC REACTURE HAHA HA
Ses04M_impro03_F004,DID SHE CRY
Ses04M_impro03_F005,LY GOD HOW LONG HAVE YOU BEEN PLANNING ON DOING THIS
Ses04M_impro03_F006,AND YOUO BELIEVE US YOURE GETTING MARRIED YOU CAN HAVE A WIFE I KNO IT'S GRAVY
Ses04M_impro03_F007,THATIS
Ses04M_impro03_F008,YE I WOULD LOVE TO O TE THINKS I TH T
Ses04M_impro03_F009,ONLY GOD W HAVE YOU GT TALKED ABOUT WHERE YOARE GOING TO GET MARRIED OR HE
Ses04M_impro03_F010,OH MY GOD
Ses04M_impro03_F011,ARE GOINGTO GET MARRIED LIKE ON THE BEACH BAREFOOT OR LIKE FANCIER LIKE INA CHURCH
Ses04M_impro03_F012,A WIDE OR KNO A THROWN IT OUT THERE AN
Ses04M_impro03_F015,SO EXCITED WHAT WHAT'S THE RING LOOK LIKE
Ses04M_impro03_F016,BIG AND SHINY EARE SUCH A GAHAKE
Ses04M_impro03_F017,I'M SO EXCITED FOR YOU YE THAT'S GREAT I'M SOLVING
Ses04M_impro03_F019,FANTASTIC CONGRATULATIONS IN IS AMAZING
Ses04M_impro03_F024,THIS IS WHY MEN DON'T PLAN WEDDINGS HA HA HA HA
Ses04M_impro03_F025,ALL FRUT AND BROWN YEU
Ses04M_impro04_F000,WELL THERE HAS TO BE SOMETHING YOU HAVEN'T TRIED
Ses04M_impro04_F001,ALL WHAT ABOUT LIKE A TEN AGE
Ses04M_impro04_F002,AND SEE HAVE YOU GONE LIKE SIND UP WITH A TEMPER AGE AND SEE MAYE THEY  NOT WITHER
Ses04M_impro04_F003,RIGHT BUT CHANCE I MEAN YOU HAVE TO KEEP ON OM YOU HVE TO KEEP CALLING AND REMINDING THEM THAT YOU'RE STILL LOOKING AND
Ses04M_impro04_F004,AND  HE HAD TO BE REALLY AGGRESSIVE ABOUT IS
Ses04M_impro04_F005,WELL I MEAN IF IT'S THAT BAD MAYBE OU'RE ING TO HAVE TO TAKE SOMETHING THAT DOESN'T REALLY FIT YOU KNOW LIKE MAYBE OUGHT TO DO SOMETHING ELSE FOR A WHILE FIGHT A NEWFIELD NEWSKILL
Ses04M_impro04_F006,WELL THEN YOU'RE CHOOSING TO BE UNEMPLOYED REALLY
Ses04M_impro04_F007,YOUARE NOT WILLING TO TRY AND WORK ON TIS MIND SOMETHING AND YOU KNOW I MEAN THERE ARE THINGS YOU CAN DO ALL
Ses04M_impro04_F008,YT MAYBE YOU KNOW YOUR LUCKS JUST DOWN AND THE MARKET FOR YOUR PARTICULAR FIELD IS DOWN AND MAYBE YOU JUST NEEN TA LOOK INTO DOING SOMETHING ELSE FOR A WHILE
Ses04M_impro04_F009,I MEAN I AM NOT SAYING THAT YOU SHOULD YOU KNOW
Ses04M_impro04_F011,IT'S MY FAT BECAUSE YOU DIDN'T DO WHAT I TOLD YOU YEU
Ses04M_impro04_F012,WHY THAT OND LIKE YOUR FAULT
Ses04M_impro04_F013,YOU DIDN'T DO WHAT I TOLD YOU TO DO
Ses04M_impro04_F015,I THINK MAYBE YOU CAN'T GET EMPLOYED BECAUSE YOU AREN'T WILLING TO TAKE RESPONSIBILITY FOR YOUR OWN ACTIONS
Ses04M_impro04_F016,REALLY WHOSE FAULT IS IT YOU DON'T HAVE A JAB
Ses04M_impro04_F017,E
Ses04F_script02_1_F000,FINE
Ses04F_script02_1_F007,IT'S AFTER ELEVEN LET'S GO HOME
Ses04F_script02_1_F008,THERE IS NO POINT IN COMING DOWN HERE R
Ses04F_script02_1_F012,I JUST DON'T IT'S STUPID
Ses04F_script02_1_F013,PASS UP WHAT THESE LITTLE FISH SWIM ON TO THE BEACH FLOP AROUND AND THEN SWIM AWAY AND THEN THEY DIE
Ses04F_script02_1_F014,WHAT ARE YOU SO EXCITED ABOUT THIS ISN'T A MOLANDING WO'RE TALKING ABOUT ITS FISH ITS FISH NOBODY EVEN EATS
Ses04F_script02_1_F016,I'M JUST NOT
Ses04F_script02_1_F017,YES
Ses04F_script02_1_F019,WE DIDN'T SEE THEM THE FIRST TIME EITHER
Ses04F_script02_1_F021,ABOUT WHAT
Ses04F_script02_1_F022,IT'S RIDICULOUS
Ses04M_script01_1_F000,WHAT'S HE GOING TO SAY MAYBE WE OUGHT TO TELL HIM BEFORE HE SEES IT
Ses04M_script01_1_F007,HE'S GETTING JUST LIKE AFTER HE DIED WHAT'S THE MEANING IN THAT
Ses04M_script01_1_F011,YOU CAN'T SAY THAT TO HIM NAR
Ses04M_script01_1_F012,HOW ARE YOU GOING TO PROVE IT CAN YOU PROVE IT
Ses04M_script01_1_F013,SAY TO YOU IT IS AND TO ME BUT NOT TO HIM YOU CAN TALK YOURSELF BLUE IN THE FACE BUT THERE'S NOBODY AND NO GRAVE SO WHERE ARE YOU
Ses04M_script01_1_F015,WHY
Ses04M_script01_1_F017,WELL THAT'S ONLY YOUR BUSINESS CHRIS
Ses04M_script01_1_F018,WHAT DO YOU WANT ME TO DO YOU'RE OLD ENOUGH TO KNOW YOUR OWN MIND
Ses04M_script01_1_F019,WELL YOU WANT TO MAKE SURE YOUR FATHER ISN'T GOING TO HAVE A
Ses04M_script01_1_F021,I IGNORE WHAT I GOT IGNORE THE GIRL IS LARRY'S GIRL NO
Ses04M_script01_1_F022,FROM FATHER'S POINT OF VIEW HE IS NOT DEAD AND YOU HAVE NO RIGHT TO TAKE HIS GIRL
Ses04M_script01_1_F027,HOW DO YOU KNOW SHE'LL MARRY YOU MAYBE SHE FEELS THE SAME WAY FATHER DOES
Ses04M_script01_1_F028,THE TROUBLE IS YOU DON'T SEE ENOUGH WOMEN YOU NEVER DID
Ses04M_script01_1_F029,I DON'T SEE WHY IT HAS TO BE ANNIE
Ses04M_script01_1_F032,YES WO DID TO YOU ON HIM KEEP INE
Ses04M_script01_1_F033,JUST GIVE IT SOME MORE THOUGHT
Ses04M_script01_1_F034,WHAT THE HELL IS THIS
Ses04M_script01_1_F035,ARE YOU CRAZY
Ses04M_script01_1_F036,YOU'VE GOT A BUSINESS HERE WHAT THE HELL IS THI HIS
Ses04M_script01_1_F037,MUST YOU BE INSPIRED YES
Ses04M_script01_1_F039,YOU DON'T WANT TO THINK LIKE THAT
Ses04M_script01_1_F040,ALL RIGHT BUT JUST DON'T THINK LIKE THAT BECAUSE WHAT THE HELL DID WE WORK FOR THAT'S ALL FOR YOU CHRIS THE WHOLE SHOOTING MATCH IS JUST FOR YOU
Ses04M_script01_1_F041,BUT DON'T THINK THAT WAY YOU HEAR ME
Ses04F_impro05_F004,LOSS IT JUST LIKE I MEAN
Ses04F_impro05_F005,ITS KNOWLEDG AGE JUST DISAPPEARED INTO THIN AIR SOMEBODY WASN'T PAYING ATTENTION
Ses04F_impro05_F006,BECAUSE MY BAG IS VERY EASY TO KEEP TRACK OF IT'S GOT BIG YOU KNOW RABOW COLORED CRACPLE OVER IT AND NO ONE WOWAS PAYING ATTENTION BECAUSE NOW IT'S JUST GONE
Ses04F_impro05_F008,NO NO I HEARD I HEARD WHAT YOU SAID
Ses04F_impro05_F009,YOU'RE GETTING ME RIGHT YOU'RE GING TO GIVE ME FIFTY DOLLARS TOE COMPLETELY COVER MY BAG EVERYTHING THAT WAS IN IT THE INCONVENIENCE THAT I'VE GONE THROUGH I PAID FOR MY TICKET ALL I EXPECT IS TO SAFELY GET TO MY DESTINATION WITH MY STUFF IS THAT SO MUCH TO ASK I MEAN I REALLY DON'T THINK THAT THAT BIG DEAL TO ASK UGUISE TO HAVE MY BAG IN THE PLACE WHERE I LEAVE AND THEN PUT MY BAG WHERE I AM DONE
Ses04F_impro05_F010,YEAH WELL THAT'S GOT EVERYTHING I HAVE IN IT
Ses04F_impro05_F011,LUCK FIFTY DOLLARS IS UNACCEPTABLE MY BAG ITSELF COST OVER A HUNDRED AND FIFTY DOLLARS YOU CAN'T JUST GIVE ME FIFTY DOLLAR GIFT CERTIFICATE TO HERKOS OR WHATEVER THE AND THEN SEND ME OFF LIKE THAT THAT'S GOOD ENOUGH LIKE THAT'S ALL I NEEDED WAS FIFTY DOLLARS MY BAG IS WORTH MORE THAN THAT
Ses04F_impro05_F012,I EXPECT YOUR HEIRLINE WHO WAS RESPONSIBLE FOR MY BAG TO GIVE ME THE EQUIVALENT OF THE BAG AND ALL THE THINGS IN IT
Ses04F_impro05_F013,WE I DIDN'T SIGN ANYTHING I DIDN'T SIGN ANYTHING AND YOU PEOPLE HAVE GOT TO MAKE IS FORE
Ses04F_impro05_F014,YOU HAVE TO MAKE AMMENDS FOR WHAT YOU DID FOR LOSING MY BAG AND ALL OF MY STUFF FIFTY DOLLARS IS UNACCEPTABLE
Ses04F_impro05_F015,S IN CONDITIO NO NO I DON'T KNOW YOU KNOW W I I'M TO CALL MY LAWYER YOU KNOW ID BET WHAT IMIN TO DO I'MN TO CALL MY LAWYER AND HAVE HIM GET DOWN HERE AND EXPLAIN TO YOU THAT TIS IS AN UNACCEPTABLE OPTION
Ses04F_impro05_F016,I WANT TO TACK TO YOUR SUPERISOR
Ses04F_impro05_F017,I'VE HAD ENOUGH I WANT A SOUT NO NO UNACCEPTABLE I WANT A SAC TOO SUPERVISOR I AM DONE WITH DESES MARS
Ses04F_impro05_F018,REALLY YOU DON'T WORK FOR ANYBODY IS JUS YOU I
Ses04F_impro05_F019,OQ WILL I WANT TA CALL WHOEVER YOU REPORT TO WHOEVER YOUR BOSS IS BECAUSE I HAVE HAD ENOUGH WITH THIS AIROLINE AND I AM FINISHED WAITING FOR MY FIFTY DOLLARS GEFT CERTIFICATE TO HIM
Ses04F_impro02_F000,THE ACT IS CALLED
Ses04F_impro02_F001,I NO
Ses04F_impro02_F002,I DON'T KNOW WHAT TO SAY I DON'T WANT TO GO BUT I DON'T HAVE A LOT OF CHOICE
Ses04F_impro02_F003,WHO CAN I COME BACK I NEED YOU TO BELIEVE THAT KNO THIS
Ses04F_impro02_F005,WELL YOU HAVE TO HAVE FAITH BECAUSE I DON'T HAVE A CHOICE AND I HAVE TO GO
Ses04F_impro02_F006,DO YOU THINK I WANT TO LEAVE YOU
Ses04F_impro02_F007,I HAVE TO DO THIS I DON'T WANT A LEAVE DO YOU THINK I WANT A MISS SEEING HER GROW UP
Ses04F_impro02_F009,AND NOW AND NOW IT'S REALLY SHITTY TIMING BUT NOW I HAVE TO GO
Ses04F_impro02_F011,WHAT'S THAT'SUPPOST TO MEAN
Ses04F_impro02_F012,WELL I'LL COME BACK WHAT IS THAT SUPPOSED TO MEAN YOU'RE NOT WILLING TO WAIT FOR ME TO COME BACK
Ses04F_impro02_F017,AKES THAT HELPS
Ses04F_impro02_F018,I FEEL MUCH BETTER NOW
Ses04F_impro02_F022,THAT'S HOW YOU WANT TO LEAVE IT
Ses04F_impro02_F023,I WANT YOU TO BE O KAY WITH IT AS MUCH AS YOU CAN BE I MEAN IT'S NOT A GREAT SITUATION BUT WE DON'T HAVE AN OPTION HERE
Ses04F_impro02_F024,CAT
Ses04F_script01_1_F004,DID YOU TALK TO HIM
Ses04F_script01_1_F011,WHAT DO YOU WANT TO DO ARGUE WITH HIM
Ses04F_script01_1_F012,YOU CAN'T FAY THAT TO HIM WE
Ses04F_script01_1_F013,HOW ARE YOU GOING TO PROVE IT CAN YOU PROVE IT FOR
Ses04F_script01_1_F014,TO YOU IT IS AND TO ME BUT NOT TO HIM YOU CAN TALK YOURSELF BLUE IN THE FACE BUT THERE'S NOBODY AND NO GRAVE SO WHERE ARE YOUS
Ses04F_script01_1_F015,THE TROUBLE IS THE GODDAMNED NEWSPAPERS EVERY MONTH SOME BOY TURNS UP FROM NOWHERE SO THE NEXT ONE IS GOING TO BE LARRI EWIN
Ses04F_script01_1_F018,WELL THAT'S ONLY YOUR BUSINESS FREST YOU
Ses04F_script01_1_F019,WHAT DO YOU WANT ME TO DO YOU'RE OLD ENOUGH TO KNOW YOUR OWN MIND
Ses04F_script01_1_F022,I IGNORE WHAT I GOT INNOR THE GIRL IS LARRY'S GIRL
Ses04F_script01_1_F023,FROM FATHER'S POINT OF VIEW HE'S NOT DEAD AND YOU HAVE NO RIGHT TO TAKE HIS GIRL
Ses04F_script01_1_F024,NOW YOU CAN GO ON FROM THERE IF YOU KNOW WHERE TO GO BUT I'M TELLING YOU I DON'T KNOW WHERE TO GO SEE I DON'T KNOW NOW WHAT CAN I DO FOR YOU
Ses04F_script01_1_F025,YOU'RE A CONSIDERATE FELLOW THERE'S NOTHING WRONG IN THAT O
Ses04F_script01_1_F029,EI DON'T SEE WHY IT HAS TO BE ANNIE
Ses04F_script01_1_F030,OH THAT'S A GOOD ANSWER BUT I DON'T ANSWER ANYTHING YOU HAVEN'T SEEN HER SINCE YOU WENT TO WAR IT'S BEEN FIVE YEARS
Ses04F_script01_1_F032,YOU MARRY THAT GIRL YOURE PRONOUNCING HIM DEAD NOW WHAT HAPPENS TO YOUR FATHER DO YOU KNOW BECAUSE I DON'T
Ses04F_script01_1_F035,ARE YOU CRAZY
Ses04F_script01_1_F036,YOU'VE GOT A BUSINESS HERE WHAT THE HELL IS THIS MISSUS
Ses04F_script01_1_F037,IRY MUST YOU BE INSPIRED AS
Ses04F_script01_1_F040,ALL RIGHT BUT DON'T THINK THAT WAY
Ses04F_script01_1_F041,BECAUSE WHAT BEHELL DID WE WORK FOR THIS WHOLE SHOOTING MATCH IS JUST FOR YOU CHRIS
Ses04F_script01_1_F042,BUT DON'T THINK THAT WAY YOU HEAR ME
Ses04F_script01_1_F044,EH I CAN SEE THAT
Ses04M_script02_1_F000,FINE
Ses04M_script02_1_F002,IT'S NOT YOURS
Ses04M_script02_1_F003,IT'S OURS IT'S MINE TOO
Ses04M_script02_1_F004,YOU KEPT SAYING MY FLASHLIGHT AS IF IT'S SOMEHOW JUST YOURS HOW IS THAT SUPPOSED TO MAKE ME FEEL
Ses04M_script02_1_F005,VER YES
Ses04M_script02_1_F007,IT'S AFTER ELEVEN LET'S GO HOME
Ses04M_script02_1_F008,THERE IS NO POINT IN COMING DOWN HERE
Ses04M_script02_1_F010,SO LET'S GO HOME
Ses04M_script02_1_F012,I JUST DON'T IT'S STUPID
Ses04M_script02_1_F013,PASS UP WHAT THESE LITTLE FISH SWIM ON TO THE BEACH FLOP AROUND AND THEN THEY SWIM AWAY AND THEN THEY DIE
Ses04M_script02_1_F014,WHAT ARE YOU SO EXCITED ABOUT
Ses04M_script02_1_F017,YES
Ses04M_script02_1_F018,LAST YEAR YOU WILL ALSO REMEMBER OUR SHOES GOT WET I GOT SAND AND MY PANNIES WE GOT IN A BIG FIGHT OVER NOTHING YOU GOT A SORE THROAT AND WE DID NOT SEE THE GRUNIONS
Ses04F_impro03_F000,HAV SOMETHING TO SILE YOU
Ses04F_impro03_F001,IT'S REALLY EXCITING DON'T YOU A DEATH
Ses04F_impro03_F002,AK
Ses04F_impro03_F003,YE YES FINALLY PRVOVE THE'M GETTING MARRIED O
Ses04F_impro03_F004,I KNOW OUR VOICE
Ses04F_impro03_F005,SAINT YOU A HOKER
Ses04F_impro03_F006,YOU THINK IKEKER
Ses04F_impro03_F007,WELL ACTUALLY WE WERE JUST TALKING ABOUT THIS DAY AND I DON'T REALLY WANT TO DO LIKE THE TRADITIONAL CHURCH THING YOU KNOW SO WE ARE GOING TO GET MARRIED IN THE MEADOW
Ses04F_impro03_F009,WER I E GET VURIED IN THE MIDDLE OF THE MEADOW E E
Ses04F_impro03_F010,YOU EVERYBODY'SEEN TO COME UP OR IN A STAY IN ALL THE PRETTY CABINS UP THERE AND AM EVERYBODY'S CING TO HAVE YOU KNOW REALLY FLOWERY SORT OF NATURY STUFF AND
Ses04F_impro03_F011,GREAT SO RETTY
Ses04F_impro03_F012,N THE VERY MIDSUMMER NIGHT'S WEDDING
Ses04F_impro03_F013,S WHO THANKS THANKS ALIVE YOU'RE REALLY HELPING NO ME A I MEAN HERE I HOPE NO ONE DIE
Ses04F_impro03_F014,OH CAVE YOUR LOLE WALKY NOWHE I WAS HOPING THAT YOU WOULD HELP
Ses04F_impro03_F015,PLAN EVERYTHING SO THEN YOU CAN MAKE SURE THAT NO ONE GETS ATTACKED BY BEARS
Ses04F_impro03_F016,YACT
Ses04F_impro03_F017,REALLY
Ses04F_impro03_F018,OBAY IT'S GOING TO BE IN LIKE SIX MONTHS SO WE DON'T HAVE A REALLY LONG TIME
Ses04F_impro03_F034,THROW IN N LITTLE EY LITTLE TRIM M YELLOW MAYBE SOME YELLOW FLOWERS
Ses04F_impro03_F036,YET
Ses04F_impro03_F038,BECAUSE YOU'RE GOING TO TAKE CARE OF EVERYTHING IU CANYTHING OF ALL DETALES THAT I FORGET
Ses04F_impro03_F040,GE EHAPPEN
Ses04F_impro03_F041,A E
Ses04F_impro03_F042,TISATEST OOD LY BE ANY GOLER OF US FRIEND
Ses04F_impro03_F043,EVEN I DON'T I'VE BEEN WAITING FOR EVER ACAN'T BELIEVE IT'S FINALLY  NO
Ses04F_impro03_F044,TE PIGOL DID NOT LOOK LIKE YOUR KNOW BEWIS
Ses04F_impro03_F045,ON SOAP SOON AR YOU E AGAT MARRIED MISTER EXCITED
Ses04F_impro03_F047,YOU HAVEN'T RUINED IT YET
Ses04F_impro03_F048,YOU REALLY WHITE WOOK
Ses04F_impro03_F050,YOU COULD MAKE HER THAT EXCITED YOU RUN YOU REALLY LIKE HER YOU HAS BEEN TOGETHER FOR OARLY LONGI NOTCE
Ses04F_impro03_F051,EE THAT'S MORE THAN I NEEDED SIN TUCF
Ses04F_impro03_F052,IHE HE E
Ses04F_impro04_F000,THET AWFUL
Ses04F_impro04_F005,I'M REALLY GOOD AT WHAT I DO I JUST DON'T KNOW HOW TO MAKE SOME ONE ELSE SEE THAT
Ses04F_impro04_F006,WHAT'S WO SAID THAT BANANAS DON'T GROW OVER NIGHT YE
Ses04F_impro04_F008,NOYET BUT YOU WEREN'T UNEMPLOYED FOR THREE YEARS TRYING TO FYING TO ANY JOB I MEAN AT THIS POIN N I'M GOING TO GO DRIVE A CAVERN YOU KNOW WORKE AT THE GAS STATIONER SO ME I DON'T EVEN I DON'T KNOW WHAT'S TO DO ANY MORE
Ses04F_impro04_F011,CLEARLY EVERYTHING YOU ARE DOING IS COMPLETELY WRONG ABE
Ses04F_impro04_F013,I DON'T MEANAMIN YOU HAVE TO HAVE SOME KIND OF IDEA SOMETHING YOU COULD POSSIBLY ROW OUT THERE THAT I COULD MAYBE USE
Ses04F_impro04_F014,I MEAN IT'S NOT LIKE THIS IS A
Ses04F_impro04_F015,EXTREME REQUEST I WANT TO FIND A JOB AN EVERYBODY WANTS TO FIND IM JOHN IT'S REALLY NOT THAT PUER
Ses04F_impro04_F016,OCS MOCE LINI
Ses04F_impro04_F017,OHKSAW IM DOING SOMETHING WRONG OR WHAT AM I DOING WRONG
Ses04F_impro04_F018,I'M REALLY GOOD AT WHAT I DO I'M SMART I I'M TRAINED I HAVE THE EDUCATION I'M TALENTED I CANNOT
Ses04F_impro04_F025,THAT WHY YOUDON'T BELAS YOU HAVING SOMETHING RAN HARD IF I
Ses04F_impro04_F030,WHAT'S MOTHIY PROBLEM WHAT'S MY PROBLEM I DON'T HAVE IT JOM
Ses04F_impro04_F031,E FATTER IS PRETTY CLEAR ABOUT WHAT  PROVEM NOFO USE
Ses04M_impro05_F000,Y HOW CAN I HELP YOU
Ses04M_impro05_F001,THER
Ses04M_impro05_F002,NIMEIS ARRY LONG
Ses04M_impro05_F003,DRIG
Ses04M_impro05_F006,OH KIY AM I AM FIRST A I AM VERY SORRY YOU LOST YOUR BAG
Ses04M_impro05_F007,AH BUT ACTUALLY OUR POLICY IS OF FIFTY DOLLAR
Ses04M_impro05_F008,REFON COVERAGE OF THE BAG THAT WAS LOST YONG YES
Ses04M_impro05_F009,TETS OUR POLICYS IRING
Ses04M_impro05_F010,Y MIND I CAN'T DO THAT
Ses04M_impro05_F013,WILL COVER FIFTY
Ses04M_impro05_F017,I'M VERY SORRY I UNDERSTAND YOUR UPSET YOUE JUST GOT OFF ALARM ALIE
Ses04M_impro05_F019,I UNDERSTAND THAT I WOULD KNOW IF IT WAS MINE UM
Ses04M_impro05_F020,AT ITS BUT IT'S NOT IT HORS I UNDERSTAND
Ses04M_impro05_F036,I UNDERSTAND YOUR RUSTURATE EVERYBIT YOU WAT OF YOU
Ses04M_impro05_F037,I KNOW I UNDERSTAND IT'S PARSONAL E IT'S PERSONAL TO YOU I GET THAT
Ses04M_impro02_F009,YOU WON'T EVEN KNOW YOUR CHILD WHEN YOU COME BACK THIS IN THERE'S SOME ONE YOU COULD TALK TO
Ses04M_impro02_F020,WEN DO YOU LEAVE
Ses04M_impro02_F021,A WEEK YOU'V GIVEN ME A WEEK TO BE OQUT WITH US
Ses04M_script03_1_F005,AH IT THEN SHIVERS UP MYC FINE
Ses04M_script03_1_F006,BEHAVE EXQUISITELY
Ses04M_script03_1_F007,CERTAINLY I SHALL PROBABLY DO A COURT CURTSY
Ses04M_script03_1_F008,BUT WHAT'S SO HORRIBLE IS THAT ONE CAN'T STAY HAPPY
Ses04M_script03_1_F009,IT'S TRUE THE WHOLE BUSINESS IS A VERY POOR JOKE
Ses04M_script03_1_F012,WHO THEY
Ses04M_script03_1_F013,IF I LAUGH AT EVERYTHING I MUST LAUGH AT US TOO
Ses04M_script03_1_F014,HOW LONG WILL IT LAST THIS LUDICROUS AND OVERBEARING LOVE OF OURS
Ses04M_script03_1_F015,SHALL WE ALWAYS WANT TO BICKER AND FIGHT
Ses04M_script03_1_F017,WHAT HAPPENS IF ONE OF US DIES DOES THE ONE THAT LEUGT STILL LAUGH
Ses04M_script03_1_F018,THAT'S SERIOUS ENOUGH ISN'T IT
Ses04M_script03_1_F021,THANK YOU DEAR THE SAME APPLIES TO YOU EXCEPT THAT IF I CATCH YOU SO MUCH AS LOOKING AT ANOTHER WOMAN I WILL KILL YOU
Ses04M_script03_1_F022,WHICH PARTICULAR ONE
Ses04M_script03_1_F023,OH CHARLES THAT WAS HIS NAME CHARLES OH HE DID WRIGGLE SO BEAUTIFULLY
Ses04M_script03_1_F024,I KNOW YOU DID YOU THREW IT OUT OF THE WINDOW INTO THE GRAND CANAL I DON'T THINK I'LL EVER FORGIVE YOU FOR THAT
Ses04M_script03_1_F025,IT WENT ON INTERMITTENTLY FOR DAYS
Ses04M_script03_1_F026,IT BURNT MY COMB TOO AND ALL THE TOWELS IN THE BATHROOM
Ses04M_script03_1_F027,THAT WAS THE FIRST TIME YOU EVER HIT ME
Ses04M_script03_1_F028,THE MANAGER CAME IN AND FOUND US ROLLING ABOUT ON THE FLOOR BITING AND SCRATCHING LEKE PAY AT THE HERSE NO DEAR
Ses04M_script03_1_F029,HOW RIDICULOUS HOW UTTERLY UTTERLY RIDICULOUS
Ses04M_script03_1_F030,AND VERY MUCH SILLIER
Ses04M_script01_3_F012,EVERY DAY SINCE
Ses04M_script01_3_F013,I WAS WAITING FOR YOU CHRIS TILL THEN YOU NEVER WROTE AND WHEN YOU DID WHAT DID YOU SAY YOU SIRE CAN BE AMBIGUOUS YOU KNOW
Ses04M_script01_3_F014,I'LL NEVER FORGIVE YOU WHY DID YOU WAIT ALL THESE YEARS ALL I'VE DONE TO SIT AROUND AND WONDER IF I WAS CRAZY FOR THINKING OF YOU
Ses04M_script01_3_F022,HOW MANY
Ses04M_script01_3_F023,AHJES
Ses04M_script01_3_F027,WHAT'LL I DO WITH A FORTUNE
Ses04M_impro08_F020,HE JUST GIN TO PUT A BACK A MAN HAND O NAW YOU DO
Ses04M_impro08_F022,ONLY I THANK YOU SO MUCH
Ses04M_impro08_F023,I REALLY I REALLY APPRECIATE THIS I KNOW IT'S NOT POLICY OR WHATEVER BUT SERIOUSLY
Ses04M_impro08_F024,MAKE MY LIFE A LOT EASIER
Ses04M_impro08_F027,A YOU
Ses04M_impro08_F028,CALL UP THIS RID CALFIN ER AND A YOU KNOW WOL
Ses04M_impro08_F030,EACHO
Ses04F_impro07_F000,DOSH FOR TAME TO DAY
Ses04F_impro07_F001,MY ACCEPTANCE LETTER
Ses04F_impro07_F002,ROM YOU ANTE
Ses04F_impro07_F003,CAT I AM
Ses04F_impro07_F004,ELL YANIT GENERAL HINGSGEN
Ses04F_impro07_F005,GREAK THAT ACCEPTANCE PACTED WITH ALL THE INFORMATION I'M KNOWIN YOUR USAL MIS
Ses04F_impro07_F006,IS THE ANOW I O
Ses04F_impro07_F007,YA A NO
Ses04F_impro07_F008,ITS SAFE AROUND THERE
Ses04F_impro07_F009,THE CHAMP IS THIS BEAUTIFUL IM SO EXCITED
Ses04F_impro07_F010,WE WAN DO HONOUR BY MEET THE MATES FOR MY YOU KNOW KNOWING AWAYS RATHER A I BE
Ses04F_impro07_F011,THERE WE GOT IM PERFECT
Ses04F_impro07_F012,AND THE TAZOR EXCELLENT IS MAKE SURE TS HE BIG KNIFE
Ses04F_impro07_F013,EDLA HIS LITTLE PUNY ONE SO
Ses04F_impro07_F014,WELL I WAS THINKING MAY BE UNDER WATER BASKET WEAVING
Ses04F_impro07_F015,YOU AS SEE AS A MAJOR IN THAT RAY
Ses04F_impro07_F016,THEY HAPPYARE YOU IF HE HAS EVERYTHING CAUSE YOU AVE SEET A SEREVERRIVONS
Ses04F_impro07_F017,DONT PA WELL I'M MIND BUT
Ses04F_impro07_F018,WELL I HAVEN'T DECIDED YET I WANT TO TRY SOME THINGS OUT
Ses04F_impro07_F021,WHAT OKIN WILL I'M NOT GING TO BE UNDECIDED FOR EVER
Ses04F_impro07_F022,AND IT'S SO LOVE THA YOU CAN COME VISIT ME ALL THE TIME
Ses04F_impro07_F024,WHY SO THIS WORKS OUT PERFECTLY BAUSE I WAS WORRIED IF I DIDN'T GET IN TO YOU A SEE THE NIGHT HAVE TO GO GENWARD FAR AWAY AND AN
Ses04F_impro07_F027,EVERYTHING WORKED OUT PERFECTLY TA
Ses04F_impro07_F028,AN NOW WE SHAL HAVE A PARTY
Ses04F_impro07_F029,AND I GOT ACCEPTED TO YOU AS HEA PARTY
Ses04F_impro07_F030,RNO AND I GOT ACCEPTED TO YOU AS HAMES WIT HARDY
Ses04F_impro07_F031,RIGHT NAER AT ME
Ses04F_impro07_F032,THATS WHEN I GOT THE NOTHER ENNEMYS
Ses04F_impro07_F033,INOUT
Ses04F_impro07_F035,WHAT WOULD YOU HAVE IN MINE
Ses04F_impro07_F036,MATA
Ses04F_impro07_F038,ON OCCASION I'VE HEARD OF IT
Ses04F_impro07_F039,YAH DON'T KNOY HO
Ses04F_impro07_F040,I AM TOTALLY DOWN WITH THE ICE CREAM
Ses04F_impro07_F041,THERE WEYOU WEREN'T MAD OF HARTO NE
Ses04F_impro07_F042,ALL RIGHT MANSER
Ses04F_impro07_F044,BARTI
Ses04F_impro07_F047,AD OUT YOU
Ses04F_impro07_F048,O CAWLE THAT'S NOT TO HAVE HIM HURT WE DONON TALK ABOUT THAT
Ses04F_impro07_F049,IWELL NOW I MEAN I HAVE SOME SCHOLARSHIP AND SOME FINANCILATEN STUFF BY AFTTINO I'LL GET A JOB
Ses04F_impro07_F050,WHILE I'M IN SCHOOL MA GUN
Ses04F_impro07_F051,NO NO WORT DOUBT MAYBE I CAN WHORE YO RED LOBSTER
Ses04F_impro07_F052,O RIGHT DOWN THE STREET
Ses04F_impro07_F058,EXCELLENC DRIVE DRUNK PEOPLE AROUND CAUSE YOU KNOW THAT'S ALL CAMP SCREWZERS FOR
Ses04F_impro07_F059,OKAY NOW THAT'S DORKY
Ses04F_impro07_F060,JAC
Ses04F_impro07_F061,STUDENT COUNSIL
Ses04F_impro07_F062,NO IT'S DORKY
Ses04F_impro07_F063,SO SHE LAY WIN A L HOUR YOUR
Ses04F_impro07_F064,AHA
Ses04F_impro07_F065,
Ses04F_impro07_F066,NO BUT I'M THINKING I MIGHT YOU KNOW LIKE A DITION FOR PLAYERS AND THE I REALLY WANT TO DO THIS ROARITY THING I'M NOT REALLY FEELING THES YEI
Ses04F_impro07_F070,WHAT HAVE YOU HEARD ABOUT THE GREEKS CEDAVIA
Ses04F_impro07_F074,OHO OHO I AU SORRY MY MAD I'LL HAVE TO LET SIGN UP FOR SUMMER LESSONS FROM YOU BEFORE I GO YOU CAN TEACH ME HOW TON BE TOO BEFORE I CO TO CALLES YOU WRITE
Ses04F_impro07_F078,THAT'S WHICH SAYING AMRIESURI FIFTH ANPLE
Ses04F_impro07_F079,ME
Ses04M_impro01_F000,OKI IT'S THE PROBLEMER
Ses04M_impro01_F001,O K AM DO YOU HAVE YOUR FOTO IDEA WITH YOU
Ses04M_impro01_F002,OQU AH THIS IS THE WRONG FORM I'M SORREY
Ses04M_impro01_F012,TWENTY BOXS PLEADER GO GET IN THAT LINE OVER THERE
Ses04M_impro01_F018,SO GO GET IN THE OTHER LINE OR LEAVE OR I WILL HAVE YOU ESCORTED OUT BY SECURITIES
Ses04M_impro01_F019,WOULD YOU LIKE TO BE KICKED OUT OF THE DAMBI YOU DON'T THINK HAT W'LL BE A LITTLE EMBARRASSING
Ses04M_impro01_F021,THANK YOU HAVE A PLEASANT DAY
Ses04M_impro06_F000,HE HAIDON
Ses04M_impro06_F001,BE SORRY
Ses04M_impro06_F002,I KNOW OU KNOW THERE'S SOMETHING I CAN SAY THAT WE'RE REALLY HELP BUT
Ses04M_impro06_F003,AND I'M SORRY IT'S NEVER EASY
Ses04M_impro06_F004,BUT I'M HERE IF THERE'S ANYTHING YOU NEED I MAN YOU JUST HAVE TO ASK I KNOW
Ses04M_impro06_F005,IT DOESN'T REALLY DOANYTHING BUT
Ses04M_impro06_F006,NO IT NEVER IS
Ses04M_impro06_F007,HOW'S OM HOW DOES PARENTS DOING
Ses04M_impro06_F008,I MA WIT WITDYO WANT TO DO TO WHEN I TO IN T TALK ABOUT IT TOO
Ses04M_impro06_F009,E I KNOW IT'S NOT A LOT OF HELP FOR ANYTHING BUT AT LEAST YOU GOT TO KNOW I MI MEAN AT LEAST YOU HAD THE TIME WITH HIM THAT YOU DID
Ses04M_impro06_F010,I MEAN WE CAN BE GRATEFUL FOR THAT
Ses04M_impro06_F011,YOU FEEL THAT WAY NOW BECAUSE YOU'RE UPSET BUT YOU DON'T REALLY THINK THAT
Ses04M_impro06_F012,IT'LL GET BETTER I KNOW IT DOESN'T HELP BUT IT WILL GET BETTER AND YOU WILL REMEMBER ALL F THE GOOD THINGS THAT YOUE IAS HAD ALL F THE MEMORIES THAT YOU HAVE WITH HIM THAT WERE HAPPY AND YOU'LL BE GRATEFUL FOR THOSE
Ses04M_impro06_F014,I AGREE I KNEW HOW TO MAKE THAT HAPPEN I WOULD CERTAINLY HELP YOU
Ses04M_impro06_F015,WHO WENS THE SERVICE CAN CAN WE HELP IS THERE ANYTHING I MEAN
Ses04M_impro06_F016,SOME TAKABLE WORLD SAD THAN IT'S O PAY FOR YOU TO BE
Ses04M_impro06_F017,E
Ses04M_impro06_F018,I DON'T HAVE ANY MAGIC ANSWERS BUT
Ses04M_impro06_F019,I MEAN AS AS CLYCHET AS IT IS AS LONG AS PEOPLE WHO LOVED HIM REMEMBER HIM THAN IT'S NOT A WASTE YOU KNOW
Ses04M_script03_2_F000,THAT WAS THE FIRST TIME YOU EVER HIT ME
Ses04M_script03_2_F001,THE MANAGER CAME IN AND FOUND US ROLLING ABOUT ON THE FLOOR BITING AND SCRATCHING LIKE HAMP THERES OH DEAR
Ses04M_script03_2_F002,HOW RIDICULOUS HOW UTTERLY UTTERLY RIDICULOUS
Ses04M_script03_2_F003,AND VERY MUCH TILLIER
Ses04M_script03_2_F006,NOT AT ALL IT WAS VERY PRETTY I STILL HAVE IT AND I WEAR IT OFTEN
Ses04M_script03_2_F008,JUST A LITTLE PERHAPS NOTHING SERIOUS
Ses04M_script03_2_F009,LET HIM GISS HI
Ses04M_script03_2_F010,WHAT OF IT
Ses04M_script03_2_F014,NO THANKS
Ses04M_script03_2_F017,IT'S BECOME A HABIT WITH YOU
Ses04M_script03_2_F019,WHAT
Ses04M_script03_2_F022,OH NO IT ISN'T
Ses04M_script03_2_F023,UTH OH BE QUIET
Ses04M_script03_2_F024,SPEEDY DIN NIM ER BRANNY
Ses04M_script03_2_F026,ADDERS DON'T SNAP THEY STING
Ses04M_script03_2_F028,I DON'T CARE D YOU UNDERSTAND I DON'T CARE I DON'T MIND IF THEY BARK AND ROLL ABOUT LIKE HOOPS
Ses04M_script03_2_F029,YES I DID QUITE A LOT
Ses04M_script03_2_F030,MIND YOUR OWN BUSINESS
Ses04M_script03_2_F031,YOU'RE QUITE INSUFFERABLE I EXPECT IT'S BECAUSE YOU'RE DRUNK
Ses04M_script03_2_F032,YOU ALWAYS HAD A WEAK HEAD
Ses04M_script03_2_F033,ON THE CONTRARY A CHILD OF TWO COULD GET VIOLENTLY DRUNK ON ONLY ONE GLASS OF BRANDY
Ses04M_script03_2_F034,IH SHUT UP
Ses04M_script03_2_F035,NOT VERY FUNNY DEAR YOU'D BETTER HAVE SOME MORE BRANDY
Ses04M_script03_2_F036,WHY
Ses04M_script03_2_F037,THERE AREN'T ANY PEOPLE UPSTAIRS IT'S A PHOTOGRAPHER STUDIO
Ses04M_script03_2_F039,TURN IT ON AGAIN PLEASE
Ses04M_script03_2_F040,VERY WELL IF YOU INSIST ON BEING BOORISH AND IDIOTIC
Ses04M_script03_2_F041,GO AWAY GO AWAY I HATE YOU
Ses04M_script03_2_F042,YOU'RE FAR TOO TEMPERAMENTAL TRY TO CONTROL YOURSELF
Ses04M_script03_2_F043,SWAPT LESS AH
Ses04M_script03_2_F044,LISTEN INDEED I AM SICK AND TIRED OF LISTENING TO YOU YOU DAMNED SEDISTIC BULLY
Ses04M_script03_2_F045,STOP
Ses04M_script03_2_F046,DO I HATE YOU DO YOU HEAR ME YOU'RE CONCETED AND OVERBEARING AND UTTERLY IMPOSSIBLE
Ses04M_script03_2_F047,THIS IS THE END DO YOU UNDERSTAND THE END FINALLY AND FOR EVER NOT
Ses04M_script03_2_F048,OH YES I AM
Ses04M_script03_2_F049,LET GO OF ME YOU ARE A CRUEL QUEEN AND I HATE AND LOTH YOU DID GOD HAVE DISCOVERED IN TIME WHICH YOU REALLY LIKE
Ses04M_script03_2_F050,MARRY YOU AGAIN
Ses04M_script03_2_F051,NEVER NEVER NEVER I RATHER DIE AN TORMEN REATER BRUTES
Ses04M_script03_2_F052,OR WINE
Ses04F_script01_2_F000,WHY DID HE INVITE HER
Ses04F_script01_2_F001,IT'S BEEN THREE YEARS WHY ALL OF A SUDDEN
Ses04F_script01_2_F005,WHAT'S GOING ON HERE JOE
Ses04F_script01_2_F006,NO LINE
Ses04F_script01_2_F007,SHE'S NOT HIS GIRL JOE SHE KNOWS SHE'S NOT AND CAN'
Ses04F_script01_2_F008,THEN WHY IS SHE STILL SINGLE NEW YORK IS FULL OF MEN WHY HASN'T SHE MARRIED
Ses04F_script01_2_F009,PROBABLY A HUNDRED PEOPLE TOLD HER SHE'S FOOLISH BUT SHE'S WAITED
Ses04F_script01_2_F010,BECAUSE SHE KNOWS WHAT I KNOW THAT'S WHY SHE'S FAITHFUL AS A ROCK
Ses04F_script01_2_F016,SHE GOES TO SLEEP IN HIS ROOM AND HIS MEMORIAL BREAKS IN PIECES LOOK LOOK AT IT JOE
Ses04M_script02_2_F000,LOOK AT THIS GOOD HUCH
Ses04M_script02_2_F006,GOD DAMN IT AGE DON'T ASK ME THAT I HATE IT WHEN YOU ASK ME THAT YOU ALWAYS ASK ME THAT IT'S INSULTING AND
Ses04M_script02_2_F007,WE JUST HAVE DIFFERENT IDEAS ABOUT WHAT THIS EVENING IS SUPPOSED TO LOOK LIKE
Ses04M_script02_2_F009,WE NEVER DO DO WE HAVE WE EVER
Ses04M_script02_2_F013,I DID WANT TO SEE IT I ALWAYS DO I KEEP THINKING THIS TIME WILL BE THE TIME BUT IT NEVER IS
Ses04M_script02_2_F016,IT WAS ABOUT FOUR YEARS AGO RIGHT AFTER WE GOT MARRIED WE THOUGHT I WAS PREGNANT AND WE HAD A BOTTLE OF CHAMPAGNE BUT NO GLASSES DO YOU ASKED ME TO DANCE SO WE TOOK OFF OUR SHOES AND YOU POPPED THE CORK
Ses04M_script02_2_F018,DANCING BAREFOOT IN THE SAND DRINKING CHAMPAGNE FROM THE BOTTLE
Ses04M_script02_2_F019,WOULD RATHER NOT REMEMBER SOMETHINGS WOULD RATHER NOT HOPE FOR SOMETHING
Ses04M_script02_2_F020,NO
Ses04M_script02_2_F021,IL
Ses04M_script02_2_F025,NO
Ses04M_script02_2_F026,I WANT SOMETHING TO TURN OUT THE WAY IT SUPPOSED TO L
Ses04M_script02_2_F027,THIS WHAT WHAT IS THIS THIS ISN'T EVEN ANYTHING
Ses04M_script02_2_F028,IS ALL RIGHT SURE THIS IS STANDING ON THE BEACH THIS IS WAITING THIS IS FIGHTING
Ses04M_script02_2_F029,BUT THIS ISN'T ANYTHING LIKE I THOUGHT ANYTHING WOULD BE LIKE OR
Ses04M_script02_2_F032,I DIDN'T SAY THAT
Ses04M_script02_2_F035,KAY FINE SO WE'RE IN THE WRONG SPOT BAT WE'RE WITH THE RIGHT PERSON
Ses04M_script02_2_F036,AN I NOTICED THAT LOOKS PRETTY ON THE WATER DOESN'T IT BIG O WHITE MOON I'M SORRY OGGI
Ses04M_impro07_F002,I DIDN'T EVEN
Ses04M_impro07_F003,NO YOU APPLY TO YOU I THE
Ses04M_impro07_F004,THAT'S AMAZING HE AS SEEN IT ANTIEVIE UM WOW I MEAN WAT WHATD HE GIN A MAJR IN WHAT HE GING TO DO
Ses04M_impro07_F006,RITE
Ses04M_impro07_F007,YES
Ses04M_impro07_F008,IS YOUA SE KNOWN FOR ITS HISTORY BORAMOM
Ses04M_impro07_F009,IT KNOW IT'S A GREAT SCHOOL AND YOU KNOW
Ses04M_impro07_F010,IT'S ALL ABOUT THE CONNECTION I MENSER
Ses04M_impro07_F011,HORN YOU DID NOT JUST SAY TAON
Ses04M_impro07_F012,I KNOW YOU'RE GET EVERHIS OWN LOWS IS
Ses04M_impro07_F013,I'M WAS YOU DID
Ses04M_impro07_F014,THAT'S GREAT I MEAN I'M REALLY GLAD YOU'RE NOT GOINGT GO ANYWHERE YOU STILL BE HERE
Ses04M_impro07_F015,EVERYTHING IN ALLET IS TWENTY MINUTES AWAY HE
Ses04M_impro07_F016,YOUR DIVERS HAGE EA
Ses04M_impro07_F017,WHAT CONGRADUALLATION NOW
Ses04M_impro07_F018,NOW HOU
Ses04M_impro07_F022,BUT CIN GRASS ON MEYU AS SEE THING N
Ses04M_impro07_F023,THAT WHAT THE DE I MEAN NO
Ses04M_impro07_F026,OK IT WELL THAT'S COOL TOO BUT LIKE
Ses04M_impro07_F027,WOWS YOU ARE A WINNER AND A HALF
Ses04M_impro07_F036,SKIDMEY
Ses04M_impro07_F037,TI F NOW MOR
Ses04F_script02_2_F002,IT'S PAR SOMEBODY TOLD YOU BILL OF GOODS THAT THIS WONDERFUL EVENT IS GOING TO TAKE PLACE ON THE BEACH
Ses04F_script02_2_F005,GOD DAMN IT ORGE DON'T ASK ME THAT YOU ALWAYS ASK ME THAT I HATE IT WHEN YOU ASK ME THAT IT'S INSULTING
Ses04F_script02_2_F006,WE JUST HAVE DIFFERENT IDEAS ABOUT WHAT THIS EVENING IS SUPPOSED TO LOOK LIKE
Ses04F_script02_2_F007,FOR HEAVEN'S SAKE THIS IS NOT ABOUT FISH
Ses04F_script02_2_F008,MATONY SCEP YA OMERDIAN
Ses04F_script02_2_F009,FOR HEAVEN'S SAKE GROW UP WE ARE NOT GOING TO SEE THE GRUNYANS
Ses04F_script02_2_F010,WE NEVER DO DO WE HAVE WE EVER
Ses04F_script02_2_F011,TWICE AS EVERY TIME WE'VE TRIED THAT'S EVER
Ses04F_script02_2_F014,AND THE BISH WON'T SHUW UP
Ses04F_script02_2_F019,WE THOUGHT I WAS PREGNANT AND WE HAD A BOTTLE OF CHAMPAGNE BUT NO GLASSES YOU ASKED ME TO DANCE SO WE TOOK OFF OUR SHOES
Ses04F_script02_2_F020,AND YOU POPP THE CORK AND WHILE WE WERE DANCING YOU SAID THE SOFTEST MOST INTIMATE THINGS TO ME
Ses04F_script02_2_F021,RIGHT INTO MY EAR SO THAT I COULD HEAR THEM AS MUCH AS SO THAT I COULD FEEL THEM AS MUCH AS HEAR THEM
Ses04F_script02_2_F022,AND I REMEMBER THINKING THIS IS IT AT LAST AT LAST I'M AS HAPPY AS I M SUPPOSED TO BE GRAVE
Ses04F_script02_2_F023,DANCING BAREFOOT IN THE SAND DRINKING CHAMPAGNE FROM THE BON
Ses04F_script02_2_F024,I WOULD RATHER NOT REMEMBER SOME THINGS ID RATHER NOT HOPE FOR SOME THINGS
Ses04F_script02_2_F025,
Ses04F_script02_2_F026,NO
Ses04F_script02_2_F031,NO
Ses04F_script02_2_F033,THIS WHAT WHAT IS THIS THIS ISN'T EVEN ANYTHING
Ses04F_script02_2_F034,ALL RIGHT SURE THIS IS STANDING ON THE BEACH THIS IS WAITING THIS IS FIGHTING
Ses04F_script02_2_F037,I KNOW YOU ARE AGY REALLY I DO I KNOW YOU WANTED THIS TO BE SPECIAL AND NICE AND IT'S THE FULL MOON AND THE SAND AND ALL BUT I JUST COULDN'T HELP THINKING ABOUT BEING SOMEWHERE ELSE
Ses04F_script02_2_F041,SOMEBODY WHO KNEW HOW TO ENJOY HERSELF AND DIDN'T TAKE EVERYTHING SO HARD
Ses04F_script02_2_F043,AND I NOTICED THAT WHAT'S PRETTY ON THE WATER DOESN'T IT THEY GO WHITE MOON
Ses04F_script02_2_F044,OH IOU'VE BROUGHT REFRESHMENTS
Ses04F_script02_2_F045,WELL THEN I GUESS WE DON'T NEED GLASSES
Ses04F_script02_2_F046,OH I'M BEGINNING TO THINK YOU MIGHT BE RIGHT I THINK THIS MAY BE THE SPOT AFTER ALL AGGIE I'M SORRY
Ses04F_impro08_F000,HULLO THANK YOU FOR CALLING DELLTACKO CORPRIC CAN I HELP YOU
Ses04F_impro08_F001,T OH HAY WELL DID YOU GO THROUGH THE ONOMATED MEN YOU MOST OF YOUR REQUESTS CAN BE TAKEN CARE OF THROUGH TACIDID IN
Ses04F_impro08_F002,BOGE WIL I NO HATISH
Ses04F_impro08_F004,SIR CAN CAN YOU TELL ME WHICH BRANCH YOU WENT TO WE CAN START THERE
Ses04F_impro08_F005,O K AM AND WHAT WAS THE COMPLAINT
Ses04F_impro08_F006,AWDIN'T Y REALO MIERLIFIC SIR I ASKED FOR N
Ses04F_impro08_F008,WELL I'M VERY SORRY SORRY THEY SHOULD HAVE DEALT WITH IT AT THAT PARTICULAR BRANCH I APOLOGIZED FOR THAT AH BOOBE CAN HELP YOU THAT'S NO WORRIES WE CAN TAKE CARE OF THAT SO AM HOW MUCH DID YOU NEED TO BE REFUNDED
Ses04F_impro08_F009,A KAY UM I'M GOING TO GO A HEAD TRANCEFOR YOU OVER TO ANOTHER DEPARTMENT THAT HAS YOUR ADDRES WONG TO BE
Ses04F_impro08_F023,BUT I'M GIVING YOU WHAT YOU WINT NOW
Ses04F_impro01_F004,I DAD EXACTLY WHAT THEY TOLD ME TO DO
Ses04F_impro01_F008,SO I FIN TO THE BACK OF THE LINE FIVE AND AN TIME AR SE YEN
Ses04F_impro01_F009,WHAT IS IT THAT I DID WRONG ON THE FORM THAT I HAVE TO START ALL OVER AGAIN
Ses04F_impro01_F010,I GET WHAT I CAN DO THAT RIGHT HERE RIGHT NOW WITHOUT GOING TO THE BACK OF THE LINE AGAIN SEE LOOK  INITIAL I'LL DIE YOU READY TO GO
Ses04F_impro01_F012,RODAWAY I'M NOT STARTING OVER AGAIN NO I HAVE DONE THIS FIVE TIMES I AM NOT STARTING OVER AGAIN
Ses04F_impro01_F014,I MEAN LOOK SHES SHE'S PERFECTLY NICE I DOESN'T MY WAITING FOR A BUMBLE OF MINUTES BECAUSE I'VE BEEN HERE ALL DAY I HAVE A JOB TO GET BACK TO I'VE KIDS TO PICK UP FROM SCHOOL I CAN'T JUST STAY HERE
Ses04F_impro01_F016,THIS IS YOUR JOB OR JOB IN ME TO HELP PEOPLE LIKE ME WHO NEED TO GET A NEW LICENCE
Ses04F_impro01_F019,MIND TESTING THE ORBASHA FING
Ses04F_impro01_F021,I DON'T NEED TO BE I NEED TO GO AND DO OTHER THINGS WITH MY TIME OQU
Ses04F_impro01_F022,PLEASE JUST PUT THE FORM IN TAKE THE PICTURE LET ME GET MY LICENSE AND GET THE HELL OUT OF HERE PLEASE
Ses04M_script01_2_F000,WHY DID HE INVITE HER HERE
Ses04M_script01_2_F001,WIS A BALLY WAT
Ses04M_script01_2_F002,SHE'S BEEN IN NEW YORK THREE AND A HALF YEARS WHY ALL OF A SUDDEN MAE
Ses04M_script01_2_F003,NOBODY COMES SEVEN HUNDRED MILES JUST TO SEA
Ses04M_script01_2_F004,HE'S NOT GOING TO MARRY HER
Ses04M_script01_2_F005,IT'S GOT THAT ABOUT IT
Ses04M_script01_2_F006,WHAT'S GOING ON HERE JO
Ses04M_script01_2_F007,NALISIN NALIS AND KIT O
Ses04M_script01_2_F008,SHE'S NOT HIS GIRL JOE SHE KNOWS SHE'S NOT
Ses04M_script01_2_F009,THEN WHY IS SHES STILL SINGLE NEW YORK IS FULL OF MEN WHY HASN'T SHE MARRIED PROBABLY A HUNDRED PEOPLE TOLD HER SHE'S FOOLISH BUT SHE'S WAITED
Ses04M_script01_2_F010,BECAUSE SHE KNOWS WHAT I KNOW THAT'S WHY SHE'S FAITHFUL AS A ROCK IN MY WORST MOMENTS I THINK OF HER WAITING AND I KNOW AGAIN THAT I'M RIGHT
Ses04M_script01_2_F011,NOBODY IN THIS HOUSE DARES TAKE HER FAITH AWAY JO STRANGERS MIGHT BUT NOT HIS FATHER NOT HIS BROTHER
Ses04M_script01_2_F012,I WANT YOU TO ACT LIKE HE'S COMING BACK BOTH OF YOU DON'T THINK I HAVEN'T NOTICED YOU SINCE HE INVITED HER HERE I WON'T STAND FOR ANY NONSENSE
Ses04M_script01_2_F013,BECAUSE IF HE'S NOT COMING BACK I'LL KILL MYSELF
Ses04M_script01_2_F014,LAUGH LAUGH AT ME BUT WHY DID THAT HAPPEN THE VERY NIGHT THAT SHE CAME HERE
Ses04M_script01_2_F015,SHE GOES TO SLEEP IN HIS BED AND HIS MEMORIAL BREAKS IN PIECES LOOK LOOK AT IT JOE
Ses04M_script01_2_F016,BELIEVE WITH ME JOE I CAN'T STAND ALL ALONE ONG
Ses04M_script01_2_F018,YOU ABOVE ALL HAVE GOT TO BELIEVE YOU WHY
Ses04M_script01_2_F020,I CAN'T HELP IT
Ses04F_impro06_F000,THANKS
Ses04F_impro06_F001,YOU KNOW IT'S JUST I S DO YOU KNOW I MEAN IT JUST HAPPEN I JUST I DUS LIKE I JUST KEEP EXPECTING HIM TO WALK IN YOU KNOW
Ses04F_impro06_F002,AS I JUST THOUGHT YOU WOULD HAVE LONGER YOU KNOW CAUSE I I MEAN WHEN HE FOUND OUT HE WAS SICK YOU WE KNEW THAT WASN'T GOOD BUT I JUST I JUST THOUGHT T IT WOULD TAKE LONGER YOU KNOW
Ses04F_impro06_F003,YE I DON'T I KNOW SLIK
Ses04F_impro06_F004,I NOTED BUT I'D RATHER HAVE HIM HEAR WIT ME YO KNOW HI JIS NOT FAIR I MEAN HE I THANK IT TO DO LIKE ANYTHING I MEAN HE WAS
Ses04F_impro06_F005,IT'S ONLY TWENTY FOUR AND SO MANY THINGS THAT WERE WE GING TO DO YOU KNOW AND NOW HE WON'T GET TO DO THEM AND HE WON'T GET TO BE HERE WHEN I DO YOU KNOW LIKE I'LL GET MARRIED SOME DAY AND HE WON'T BE THERE LIKE HE WON'T GET TO SEE THAT
Ses04F_impro06_F006,IT DOESN'T SEEM FAIR
Ses04F_impro06_F007,THANK YOU FOR BEING HERE
Ses04F_impro06_F008,HE CA PROBABLY RIT Y PROBABLY BEFASSE WE WERE ALL SITTING AROUND BEING UPSETEMATE MAD WONE US TO HAVE A PARTY
Ses04F_impro06_F009,AND A DRINK IN HIS HONOUR HA HA HA
Ses04F_impro06_F010,DER NOT
Ses04F_script01_3_F009,I GUESS THIS IS WHY I CAME
Ses04F_script01_3_F010,CHRIS I'VE BEEN READY A LONG LONG TIME
Ses04F_script01_3_F012,YOU STARTED TO RIPE ME
Ses04F_script01_3_F013,EVERYDAY FENCE
Ses04F_script01_3_F014,I WAS WAITING FOR YOU CHRIS TILL THEN YOU NEVER WROTE AND THEN WHEN YOU DID WHAT DID YOU SAY I MEAN YOU SURE TO AM BE AMBIGUOUS YOU KNOW
Ses04F_script01_3_F015,I'LL NEVER FORGIVE YOU WHY DID YOU WAIT ALL THESE YEARS ALL I'VE DONE O SIT AND WONDER IF I WAS CRAZY FOR THINKING OF YOU
Ses04F_script01_3_F023,YAS SURE
Ses04F_script01_3_F024,HOW MANY
Ses04F_script01_3_F030,WHAT'LL I DO WITH A FORTUNE
Ses04F_script03_2_F005,WHAT OF IT
Ses04F_script03_2_F012,IT'S BECOME A HABIT WITH YOU
Ses04F_script03_2_F013,OH DON'T BE SO STUPID
Ses04F_script03_2_F014,WHAT
Ses04F_script03_2_F019,IT DOESN'T SEEM TO HAVE WORKED SUCH WONDERS WITH YOU
Ses04F_script03_2_F020,LAND ADDERS DON'T SNAP THEY STING NON
Ses04F_script03_2_F021,THEY STING
Ses04F_script03_2_F022,I DON'T CARE OHDA IT YOU UNDERSTAND I DON'T CARE I DON'T MIND IF THEY BARK AND ROLL ABOUT LIKE HOOPS
Ses04F_script03_2_F023,YES I DID QUITE A LOT
Ses04F_script03_2_F024,MIND YOUR OWN BUSINESS
Ses04F_script03_2_F025,YOU'RE QUITE INSUFFERABLE I EXPECT IT'S BECAUSE YOU'RE DRUNK I NE
Ses04F_script03_2_F026,B YOU ALWAYS HAD A WEAK HEAD
Ses04F_script03_2_F027,ON THE CONTRARY A CHILD OF TWO COULD GET VIOLENTLY DRUNK ON ONLY ONE CLASS OF BRANRENGS
Ses04F_script03_2_F028,NO THOS SHUT UP
Ses04F_script03_2_F029,NOT VERY FUNNY DEAR YOU'D BETTER HAVE SOME MORE BRANDY
Ses04F_script03_2_F030,WHY
Ses04F_script03_2_F031,THERE IS NO ONE UPSTAIRS IT'S A PHOTOGRAPHER STUDIO
Ses04F_script03_2_F034,VERY WELL IF YOU INSIST ON BEING BOORISH AND IDIOTIC
Ses04F_script03_2_F035,YOUR FAR TOO TEMPERAMENTAL TRY TO CONTROL YOURSELF
Ses04F_script03_2_F036,GO AWAY GO AWAY I HATE YOU
Ses04F_script03_2_F037,LITTELITTE LISTEN INDEED I'M SICK AND TIRED OF LISTENING TO YOU YOU DAMN IT AS A MULLAS
Ses04F_script03_2_F038,STOP
Ses04F_script03_2_F039,STOP STOP I HATE JEWS AS YOU HEAR YOU'RE CONCEITED AN OVERBEARING AN UTTERLY IMPOSSIBLE MASI
Ses04F_script03_2_F040,THIS IS THE END DO YOU UNDERSTAND THE END
Ses04F_script03_2_F041,FINALLY AND FOREVER RORING YOU
Ses04F_script03_2_F042,I SO I AM LET GO AND
Ses04F_script03_2_F043,OH I AIN'T THE GOOD THING THAT I GOT OUT IN TIME WHUCH AR REALLY LIKE MARRY YOU A IT NEVER NEVER NEVER
Ses04F_script03_2_F044,I'D RATHER DIE IN TORMENT IN O OREASN TA I ROAD  CAT SWINE
